Image1,Image2,class,face_present
Patti_Labelle_0001.jpg,Patti_Labelle_0002.jpg,similar,Yes
Butch_Davis_0001.jpg,Butch_Davis_0002.jpg,similar,Yes
Hermann_Maier_0001.jpg,Robin_Williams_0001.jpg,different,Yes
Diane_Green_0001.jpg,Tim_Salmon_0001.jpg,different,No
King_Abdullah_II_0002.jpg,King_Abdullah_II_0003.jpg,similar,Yes
Anna_Nicole_Smith_0001.jpg,Anna_Nicole_Smith_0002.jpg,similar,Yes
Rich_Gannon_0001.jpg,Rich_Gannon_0002.jpg,similar,Yes
Zoran_Djindjic_0003.jpg,Zoran_Djindjic_0004.jpg,similar,Yes
Nancy_Pelosi_0006.jpg,Nancy_Pelosi_0013.jpg,similar,Yes
Andrei_Mikhnevich_0001.jpg,Andrei_Mikhnevich_0002.jpg,similar,Yes
Jeane_Kirkpatrick_0001.jpg,Richard_Carl_0001.jpg,different,Yes
Darvis_Patton_0001.jpg,Estelle_Morris_0001.jpg,different,No
Ann_Veneman_0001.jpg,Ann_Veneman_0002.jpg,similar,Yes
Carey_Lowell_0001.jpg,Joshua_Harapko_0001.jpg,different,No
Annie_Chaplin_0001.jpg,Gloria_Gaynor_0001.jpg,different,Yes
Thaksin_Shinawatra_0003.jpg,Thaksin_Shinawatra_0006.jpg,similar,No
Dominique_de_Villepin_0013.jpg,Hanns_Schumacher_0001.jpg,different,No
Tamara_Mowry_0001.jpg,Zach_Parise_0001.jpg,different,Yes
Ana_Palacio_0006.jpg,Robert_Gordon_Card_0001.jpg,different,Yes
Jalal_Talabani_0001.jpg,Jean-Marc_Olive_0001.jpg,different,Yes
William_Macy_0002.jpg,William_Macy_0003.jpg,similar,Yes
Nancy_Pelosi_0002.jpg,Nancy_Pelosi_0005.jpg,similar,Yes
Jeremy_Shockey_0001.jpg,Jeremy_Shockey_0002.jpg,similar,Yes
Miles_Stewart_0001.jpg,Yasushi_Akashi_0001.jpg,different,Yes
Christian_Wulff_0001.jpg,Christian_Wulff_0002.jpg,similar,Yes
Leisel_Jones_0001.jpg,Steven_Hatfill_0001.jpg,different,Yes
Gordon_Lightfoot_0001.jpg,Janez_Drnovsek_0001.jpg,different,Yes
Carlos_Manuel_Pruneda_0001.jpg,Claudia_Coslovich_0001.jpg,different,Yes
Doug_Collins_0001.jpg,Doug_Collins_0002.jpg,similar,Yes
Aitor_Gonzalez_0001.jpg,Lily_Tomlin_0002.jpg,different,Yes
Augustin_Calleri_0004.jpg,Brad_Miller_0001.jpg,different,Yes
Brian_Cowen_0001.jpg,Brian_Cowen_0002.jpg,similar,Yes
Ronaldo_Luis_Nazario_de_Lima_0001.jpg,Ronaldo_Luis_Nazario_de_Lima_0004.jpg,similar,Yes
Elsa_Zylberstein_0001.jpg,Elsa_Zylberstein_0005.jpg,similar,Yes
Khader_Rashid_Rahim_0001.jpg,Michael_Arif_0001.jpg,different,Yes
Gregory_Peck_0001.jpg,John_Lawrence_0001.jpg,different,Yes
Sean_Patrick_OMalley_0002.jpg,Sean_Patrick_OMalley_0003.jpg,similar,Yes
Jim_Hahn_0004.jpg,Vaclav_Havel_0003.jpg,different,Yes
Mark_Mishkin_0001.jpg,Shawn_Marion_0001.jpg,different,Yes
Luis_Pujols_0001.jpg,Rohman_al-Ghozi_0001.jpg,different,No
Albert_Costa_0005.jpg,Albert_Costa_0006.jpg,similar,Yes
Paul_Michael_Daniels_0001.jpg,Simon_Chalk_0001.jpg,different,Yes
Stefano_Accorsi_0001.jpg,Stefano_Accorsi_0002.jpg,similar,Yes
Javier_Weber_0001.jpg,Javier_Weber_0003.jpg,similar,Yes
Jacques_Chirac_0022.jpg,Jacques_Chirac_0044.jpg,similar,Yes
Carlos_Moya_0007.jpg,Carlos_Moya_0011.jpg,similar,No
Reese_Witherspoon_0001.jpg,Reese_Witherspoon_0002.jpg,similar,Yes
Tippi_Hedren_0001.jpg,Tippi_Hedren_0002.jpg,similar,No
Bing_Crosby_0001.jpg,Eric_Bana_0001.jpg,different,Yes
Daniele_Nardello_0001.jpg,Peter_Hartz_0001.jpg,different,Yes
Emma_Watson_0003.jpg,Emma_Watson_0005.jpg,similar,Yes
Rick_Perry_0002.jpg,Rick_Perry_0006.jpg,similar,Yes
John_Rowland_0002.jpg,Robert_Lee_Yates_Jr_0001.jpg,different,Yes
Helene_Eksterowicz_0001.jpg,Mario_Lemieux_0001.jpg,different,Yes
Jeong_Se-hyun_0004.jpg,Jeong_Se-hyun_0005.jpg,similar,Yes
Carla_Del_Ponte_0002.jpg,Carla_Del_Ponte_0004.jpg,similar,No
Condoleezza_Rice_0002.jpg,Condoleezza_Rice_0005.jpg,similar,Yes
Mireya_Moscoso_0002.jpg,Mireya_Moscoso_0003.jpg,similar,Yes
Barzan_al-Tikriti_0001.jpg,Jim_Haslett_0001.jpg,different,Yes
Gregory_Peck_0001.jpg,John_Lynch_0001.jpg,different,Yes
Tassos_Papadopoulos_0001.jpg,Tassos_Papadopoulos_0002.jpg,similar,Yes
Abid_Hamid_Mahmud_Al-Tikriti_0001.jpg,Eli_Broad_0001.jpg,different,Yes
Shannon_OBrien_0001.jpg,Shannon_OBrien_0002.jpg,similar,Yes
Ricardo_Maduro_0001.jpg,Ricardo_Maduro_0002.jpg,similar,Yes
William_Macy_0001.jpg,William_Macy_0004.jpg,similar,Yes
Christine_Ebersole_0001.jpg,Christine_Ebersole_0002.jpg,similar,Yes
Johnny_Carson_0001.jpg,Johnny_Carson_0002.jpg,similar,Yes
Nicolas_Sarkozy_0001.jpg,Shanna_Zolman_0001.jpg,different,Yes
Jennifer_Keller_0004.jpg,Paula_Abdul_0001.jpg,different,Yes
Rick_Wagoner_0001.jpg,Rick_Wagoner_0002.jpg,similar,Yes
Donald_Pettit_0001.jpg,Donald_Pettit_0002.jpg,similar,Yes
Jorge_Quiroga_0001.jpg,Ramona_Rispton_0001.jpg,different,Yes
Maryn_McKenna_0001.jpg,Shawn_Marion_0001.jpg,different,Yes
Don_Lake_0001.jpg,Elena_Dementieva_0001.jpg,different,No
Jeffrey_Pfeffer_0001.jpg,Terry_Lynn_Barton_0001.jpg,different,Yes
William_Rehnquist_0001.jpg,William_Rehnquist_0002.jpg,similar,Yes
Chante_Jawan_Mallard_0001.jpg,Muhammad_Ali_0005.jpg,different,Yes
Nancy_Pelosi_0013.jpg,Nancy_Pelosi_0014.jpg,similar,No
Denzel_Washington_0001.jpg,Denzel_Washington_0003.jpg,similar,Yes
Julie_Gerberding_0007.jpg,Julie_Gerberding_0012.jpg,similar,Yes
Laurel_Clark_0001.jpg,Rahul_Dravid_0001.jpg,different,Yes
Mamdouh_Habib_0001.jpg,Polona_Bas_0001.jpg,different,Yes
Dan_Bylsma_0001.jpg,Scott_Yates_0001.jpg,different,Yes
Bob_Iger_0001.jpg,Steve_Lavin_0006.jpg,different,Yes
Enrica_Fico_0001.jpg,Erwin_Abdullah_0001.jpg,different,No
Edwin_Edwards_0001.jpg,Edwin_Edwards_0002.jpg,similar,Yes
Norman_Mailer_0001.jpg,Steven_Curtis_Chapman_0001.jpg,different,Yes
Jennifer_Thompson_0001.jpg,Serge_Melac_0001.jpg,different,Yes
Carlos_Beltran_0001.jpg,Shoshannah_Stern_0001.jpg,different,Yes
Eddie_Sutton_0001.jpg,George_Maxwell_Richards_0001.jpg,different,No
Christopher_Reeve_0001.jpg,Christopher_Reeve_0004.jpg,similar,Yes
Rob_Schneider_0001.jpg,Rob_Schneider_0002.jpg,similar,Yes
Ben_Cohen_0001.jpg,Roger_Etchegaray_0001.jpg,different,Yes
Jake_Gyllenhaal_0002.jpg,Jake_Gyllenhaal_0004.jpg,similar,Yes
Al_Davis_0002.jpg,Dennis_Powell_0001.jpg,different,Yes
Christopher_Russell_0001.jpg,Rosario_Dawson_0001.jpg,different,Yes
Adrian_Murrell_0001.jpg,Tommy_Franks_0015.jpg,different,Yes
Vicente_Fernandez_0002.jpg,Vicente_Fernandez_0005.jpg,similar,Yes
Dick_Armey_0001.jpg,Tom_Glavine_0002.jpg,different,Yes
Cora_Cambell_0001.jpg,Todd_Petit_0001.jpg,different,Yes
Brooke_Adams_0001.jpg,Gilberto_Rodriguez_Orejuela_0002.jpg,different,Yes
Ozzy_Osbourne_0002.jpg,Ozzy_Osbourne_0003.jpg,similar,Yes
Amanda_Marsh_0001.jpg,Svetlana_Koroleva_0002.jpg,different,Yes
Rebecca_Romijn-Stamos_0002.jpg,Rebecca_Romijn-Stamos_0004.jpg,similar,Yes
Ghassan_Elashi_0001.jpg,Peter_Rasch_0001.jpg,different,Yes
Scott_Dalton_0001.jpg,Tamara_Mowry_0001.jpg,different,Yes
Marcelo_Rios_0002.jpg,Marcelo_Rios_0004.jpg,similar,Yes
Jenna_Elfman_0001.jpg,Willie_Wilson_0001.jpg,different,Yes
Calvin_Joseph_Coleman_0001.jpg,Ekaterina_Dmitriev_0001.jpg,different,No
Christian_Longo_0001.jpg,Christian_Longo_0003.jpg,similar,Yes
Jennifer_Capriati_0003.jpg,Jennifer_Capriati_0013.jpg,similar,Yes
Claire_Danes_0001.jpg,Mitchell_Potter_0001.jpg,different,Yes
Anne_Krueger_0003.jpg,Lucrecia_Orozco_0001.jpg,different,Yes
Tom_Cruise_0004.jpg,Tom_Cruise_0009.jpg,similar,Yes
Eliane_Karp_0002.jpg,Eliane_Karp_0003.jpg,similar,Yes
Anna_Nicole_Smith_0001.jpg,Tony_Shalhoub_0004.jpg,different,Yes
Rick_Caruso_0001.jpg,Steve_Wariner_0001.jpg,different,Yes
Glafcos_Clerides_0001.jpg,Glafcos_Clerides_0004.jpg,similar,Yes
Paul_Hogan_0001.jpg,Thomas_Watjen_0001.jpg,different,Yes
Martin_Sheen_0001.jpg,Martin_Sheen_0002.jpg,similar,Yes
Floyd_Mayweather_0001.jpg,Lou_Lang_0001.jpg,different,Yes
Alex_Corretja_0001.jpg,Tippi_Hedren_0002.jpg,different,No
Hassan_Wirajuda_0001.jpg,Hassan_Wirajuda_0002.jpg,similar,Yes
Jean_Carnahan_0001.jpg,Jean_Carnahan_0002.jpg,similar,Yes
Barbara_Bach_0001.jpg,Eli_Rosenbaum_0001.jpg,different,Yes
Amelie_Mauresmo_0001.jpg,Amelie_Mauresmo_0021.jpg,similar,Yes
Ronaldo_Luis_Nazario_de_Lima_0001.jpg,Samuel_Waksal_0002.jpg,different,No
Martha_Burk_0002.jpg,Martha_Burk_0004.jpg,similar,Yes
Jean-Pierre_Raffarin_0006.jpg,Paul_Kariya_0001.jpg,different,Yes
Sarah_Canale_0001.jpg,Steven_Curtis_Chapman_0001.jpg,different,Yes
Lucy_Liu_0002.jpg,Lucy_Liu_0004.jpg,similar,Yes
Edwin_Edwards_0002.jpg,Edwin_Edwards_0003.jpg,similar,Yes
Donald_Pettit_0003.jpg,Michel_Kratochvil_0001.jpg,different,Yes
Denise_van_Outen_0001.jpg,Kevin_Satterfield_0001.jpg,different,No
Alex_Cabrera_0001.jpg,Richard_Carl_0001.jpg,different,Yes
Oliver_Neuville_0001.jpg,Shawn_Marion_0001.jpg,different,Yes
Paul_Patton_0001.jpg,Paul_Patton_0002.jpg,similar,Yes
Gunilla_Backman_0001.jpg,Jennifer_Granholm_0001.jpg,different,Yes
James_Kopp_0002.jpg,James_Kopp_0003.jpg,similar,Yes
Amporn_Falise_0001.jpg,Liza_Minnelli_0002.jpg,different,Yes
Luis_Horna_0001.jpg,Luis_Horna_0003.jpg,similar,Yes
Ralf_Schumacher_0001.jpg,Ralf_Schumacher_0006.jpg,similar,Yes
Laszlo_Kovacs_0001.jpg,Michael_Arif_0001.jpg,different,Yes
Astou_Ndiaye-Diatta_0001.jpg,Scott_Yates_0001.jpg,different,Yes
Todd_Petit_0001.jpg,Vicente_Fernandez_0003.jpg,different,Yes
Terry_McAuliffe_0001.jpg,Terry_McAuliffe_0003.jpg,similar,Yes
Tim_Curry_0001.jpg,Tim_Curry_0002.jpg,similar,Yes
Dai_Bachtiar_0001.jpg,Dai_Bachtiar_0002.jpg,similar,Yes
Colleen_OClair_0001.jpg,Kim_Hong-gul_0001.jpg,different,Yes
Brandon_Lloyd_0001.jpg,Zach_Parise_0001.jpg,different,Yes
Greg_Kinnear_0001.jpg,Tim_Salmon_0001.jpg,different,No
Buddy_Ryan_0001.jpg,Laurel_Clark_0001.jpg,different,No
Charmaine_Crooks_0001.jpg,Esad_Landzo_0001.jpg,different,Yes
Maryn_McKenna_0001.jpg,Tim_Pawlenty_0001.jpg,different,Yes
Carrie-Anne_Moss_0004.jpg,Mike_Richter_0001.jpg,different,Yes
Bill_McBride_0002.jpg,Bill_McBride_0006.jpg,similar,Yes
Augustin_Calleri_0001.jpg,Augustin_Calleri_0003.jpg,similar,Yes
LK_Advani_0001.jpg,LK_Advani_0002.jpg,similar,No
Juan_Carlos_0001.jpg,Patricia_Phillips_0001.jpg,different,Yes
William_Burns_0001.jpg,William_Burns_0002.jpg,similar,Yes
Daisy_Fuentes_0003.jpg,Daisy_Fuentes_0004.jpg,similar,Yes
Jenna_Elfman_0001.jpg,Steffi_Graf_0005.jpg,different,Yes
Khader_Rashid_Rahim_0001.jpg,Martha_Burk_0001.jpg,different,Yes
Annie_Chaplin_0001.jpg,Michael_Keaton_0001.jpg,different,Yes
Rod_Stewart_0001.jpg,Tom_Scully_0001.jpg,different,Yes
Gary_Doer_0001.jpg,Gary_Doer_0003.jpg,similar,Yes
Alan_Greenspan_0001.jpg,Alan_Greenspan_0005.jpg,similar,No
Gerhard_Schroeder_0003.jpg,Izzat_Ibrahim_0001.jpg,different,Yes
James_Lockhart_0001.jpg,Lisa_Girman_0001.jpg,different,Yes
Chen_Shui-bian_0003.jpg,Chen_Shui-bian_0005.jpg,similar,Yes
Agbani_Darego_0001.jpg,Malik_Mahmud_0001.jpg,different,Yes
Charlie_Zaa_0002.jpg,William_Harrison_0001.jpg,different,Yes
Dick_Vermeil_0001.jpg,Dick_Vermeil_0002.jpg,similar,No
Antonio_Palocci_0003.jpg,Antonio_Palocci_0008.jpg,similar,Yes
Coleen_Rowley_0001.jpg,Courtney_Love_0001.jpg,different,Yes
Jorge_Castaneda_0001.jpg,Jorge_Castaneda_0002.jpg,similar,Yes
Kristin_Davis_0002.jpg,Kristin_Davis_0003.jpg,similar,Yes
Ludwig_Ovalle_0001.jpg,Mauricio_Macri_0001.jpg,different,Yes
Thomas_OBrien_0008.jpg,Thomas_OBrien_0009.jpg,similar,Yes
Melissa_Etheridge_0001.jpg,Melissa_Etheridge_0002.jpg,similar,Yes
Annette_Lu_0001.jpg,Svetlana_Belousova_0001.jpg,different,Yes
Natalie_Coughlin_0001.jpg,Natalie_Coughlin_0002.jpg,similar,Yes
Noah_Wyle_0001.jpg,Noah_Wyle_0002.jpg,similar,Yes
Donald_Rumsfeld_0022.jpg,Donald_Rumsfeld_0036.jpg,similar,Yes
Heidi_Fleiss_0001.jpg,Heidi_Fleiss_0003.jpg,similar,Yes
Ben_Affleck_0001.jpg,Ben_Affleck_0003.jpg,similar,Yes
Dave_Campo_0002.jpg,Dave_Campo_0003.jpg,similar,Yes
Leslie_Wiser_Jr_0001.jpg,Mireya_Moscoso_0001.jpg,different,Yes
Jiang_Zemin_0002.jpg,Jiang_Zemin_0017.jpg,similar,No
Lawrence_Di_Rita_0001.jpg,Tim_Allen_0002.jpg,different,Yes
Diane_Green_0001.jpg,Diane_Green_0002.jpg,similar,Yes
Anne_Krueger_0002.jpg,Anne_Krueger_0003.jpg,similar,Yes
Jeanne_Anne_Schroeder_0001.jpg,Yoriko_Kawaguchi_0013.jpg,different,Yes
Michael_Phelps_0005.jpg,Pat_Burns_0002.jpg,different,Yes
George_Robertson_0012.jpg,George_Robertson_0019.jpg,similar,Yes
Bill_Carmody_0001.jpg,Michael_Sheehan_0001.jpg,different,Yes
Nathalie_Gagnon_0001.jpg,Rupert_Grint_0002.jpg,different,Yes
Mikhail_Youzhny_0001.jpg,Mikhail_Youzhny_0003.jpg,similar,Yes
Mike_Helton_0002.jpg,Reggie_Lewis_0001.jpg,different,Yes
Penelope_Cruz_0001.jpg,Penelope_Cruz_0002.jpg,similar,Yes
Farouk_Kaddoumi_0001.jpg,Gina_Gershon_0001.jpg,different,Yes
Gunilla_Backman_0001.jpg,Ray_Sherman_0001.jpg,different,Yes
Princess_Diana_0001.jpg,Steffi_Graf_0002.jpg,different,Yes
David_Stern_0001.jpg,David_Stern_0004.jpg,similar,Yes
Carlos_Ghosn_0001.jpg,Renee_Zellweger_0011.jpg,different,Yes
Muhammad_Ali_0006.jpg,Muhammad_Ali_0009.jpg,similar,Yes
Karl-Heinz_Rummenigge_0001.jpg,Wayne_Newton_0001.jpg,different,Yes
Chanda_Rubin_0002.jpg,Chanda_Rubin_0004.jpg,similar,No
Isaiah_Washington_0002.jpg,Lee_Baca_0001.jpg,different,No
Richard_Gere_0006.jpg,Richard_Gere_0010.jpg,similar,No
Paula_Prentiss_0001.jpg,Thomas_Mesereau_Jr_0001.jpg,different,Yes
Frank_Sinatra_0001.jpg,Vicente_Fox_0023.jpg,different,Yes
Jan_Paul_Miller_0001.jpg,Lynne_Slepian_0001.jpg,different,Yes
Ahmed_Ghazi_0001.jpg,Henry_Suazo_0001.jpg,different,Yes
Jason_Clermont_0001.jpg,Vladimir_Ustinov_0001.jpg,different,Yes
John_Travolta_0004.jpg,John_Travolta_0005.jpg,similar,Yes
Naoto_Kan_0002.jpg,Naoto_Kan_0003.jpg,similar,Yes
Kaoru_Hasuike_0001.jpg,Tom_Foy_0001.jpg,different,Yes
Irina_Yatchenko_0001.jpg,Pedro_Solbes_0004.jpg,different,No
Giuseppe_Gibilisco_0002.jpg,Giuseppe_Gibilisco_0004.jpg,similar,No
Sergio_Castellitto_0001.jpg,Steve_Lavin_0005.jpg,different,Yes
Pedro_Martinez_0001.jpg,Stephen_Glassroth_0001.jpg,different,Yes
Ascencion_Barajas_0001.jpg,Marissa_Jaret_Winokur_0002.jpg,different,Yes
Steve_Wariner_0001.jpg,Toshi_Izawa_0001.jpg,different,No
Luis_Horna_0002.jpg,Luis_Horna_0005.jpg,similar,No
Mohamed_ElBaradei_0004.jpg,Mohamed_ElBaradei_0005.jpg,similar,Yes
Kenneth_Evans_0001.jpg,Kenneth_Evans_0002.jpg,similar,Yes
Masum_Turker_0001.jpg,Masum_Turker_0003.jpg,similar,Yes
Mario_Lemieux_0001.jpg,Pedro_Solbes_0004.jpg,different,Yes
Lena_Katina_0001.jpg,Queen_Noor_0001.jpg,different,Yes
Heidi_Fleiss_0001.jpg,Heidi_Fleiss_0004.jpg,similar,Yes
Alexandra_Rozovskaya_0001.jpg,Don_King_0001.jpg,different,Yes
Justine_Henin_0002.jpg,Justine_Henin_0003.jpg,similar,No
Rick_Romley_0001.jpg,Rick_Romley_0002.jpg,similar,Yes
Brandon_Robinson_0001.jpg,Mitchell_Garabedian_0001.jpg,different,Yes
Sheila_Taormina_0001.jpg,Stephan_Eberharter_0001.jpg,different,Yes
Alicia_Molik_0001.jpg,Lena_Katina_0001.jpg,different,Yes
Jan_Ullrich_0001.jpg,William_Rehnquist_0001.jpg,different,Yes
King_Abdullah_II_0001.jpg,King_Abdullah_II_0004.jpg,similar,Yes
Chris_Byrd_0001.jpg,Lawrence_Di_Rita_0001.jpg,different,Yes
Christian_Longo_0002.jpg,Christian_Longo_0003.jpg,similar,Yes
Mohamed_ElBaradei_0005.jpg,Mohamed_ElBaradei_0008.jpg,similar,Yes
Ghassan_Elashi_0001.jpg,Jesse_Ventura_0002.jpg,different,Yes
Jimmy_Carter_0001.jpg,Jimmy_Carter_0009.jpg,similar,Yes
Susan_Whelan_0001.jpg,Wolfgang_Schneiderhan_0001.jpg,different,No
Malcolm_Wild_0001.jpg,Owen_Wilson_0002.jpg,different,Yes
Horst_Koehler_0001.jpg,Horst_Koehler_0003.jpg,similar,Yes
Mikhail_Youzhny_0002.jpg,Vince_Dooley_0001.jpg,different,Yes
Jason_Kapono_0001.jpg,Patricia_Medina_0001.jpg,different,Yes
Paul_Burrell_0005.jpg,Paul_Burrell_0011.jpg,similar,Yes
Elinor_Caplan_0001.jpg,Henning_Scherf_0001.jpg,different,Yes
Dirk_Kempthorne_0001.jpg,George_Tenet_0002.jpg,different,Yes
Mario_Cipollini_0001.jpg,Mario_Cipollini_0002.jpg,similar,Yes
Marricia_Tate_0001.jpg,Rita_Moreno_0002.jpg,different,No
Brandon_Larson_0001.jpg,James_Williams_0001.jpg,different,Yes
Ain_Seppik_0001.jpg,Donald_Regan_0001.jpg,different,Yes
Margie_Puente_0001.jpg,Rafiq_Hariri_0001.jpg,different,Yes
Ben_Cohen_0001.jpg,Zach_Parise_0001.jpg,different,Yes
Kjell_Magne_Bondevik_0001.jpg,Kjell_Magne_Bondevik_0002.jpg,similar,Yes
Dominique_de_Villepin_0003.jpg,Dominique_de_Villepin_0005.jpg,similar,Yes
Don_King_0001.jpg,Philip_Zalewski_0001.jpg,different,Yes
Christiane_Wulff_0001.jpg,Paul_Schrader_0001.jpg,different,Yes
Bob_Riley_0001.jpg,Jim_Harrick_0001.jpg,different,Yes
Stefano_Gabbana_0001.jpg,Tang_Jiaxuan_0003.jpg,different,Yes
Mark_Mishkin_0001.jpg,Nick_Reilly_0001.jpg,different,Yes
Kristin_Davis_0001.jpg,Kristin_Davis_0002.jpg,similar,Yes
Winona_Ryder_0006.jpg,Winona_Ryder_0015.jpg,similar,Yes
Adriana_Perez_Navarro_0001.jpg,Jennifer_Capriati_0008.jpg,different,No
Islam_Karimov_0001.jpg,Shireen_Amir_Begum_0001.jpg,different,Yes
Masum_Turker_0001.jpg,Masum_Turker_0002.jpg,similar,Yes
Matthew_Broderick_0003.jpg,Matthew_Broderick_0004.jpg,similar,Yes
Imad_Moustapha_0001.jpg,Will_Ofenheusle_0001.jpg,different,Yes
Phil_Jackson_0001.jpg,Richard_Penniman_0001.jpg,different,Yes
John_Bolton_0005.jpg,John_Bolton_0013.jpg,similar,No
Patty_Schnyder_0001.jpg,Patty_Schnyder_0004.jpg,similar,No
Ivan_Lee_0001.jpg,Paul-Henri_Mathieu_0003.jpg,different,Yes
Donna_Walker_0001.jpg,Phil_Bredesen_0001.jpg,different,Yes
Angela_Mascia-Frye_0001.jpg,Derrick_Taylor_0001.jpg,different,Yes
Sean_Penn_0002.jpg,Sean_Penn_0003.jpg,similar,Yes
Dominique_de_Villepin_0007.jpg,Dominique_de_Villepin_0011.jpg,similar,Yes
Jean-Marc_de_La_Sabliere_0001.jpg,Jean-Marc_de_La_Sabliere_0002.jpg,similar,No
Armando_Avila_Panchame_0001.jpg,Hana_Urushima_0001.jpg,different,Yes
Abdullah_Gul_0013.jpg,Abdullah_Gul_0014.jpg,similar,Yes
Ian_Thorpe_0002.jpg,Ian_Thorpe_0007.jpg,similar,Yes
Rick_Dinse_0001.jpg,Rick_Dinse_0003.jpg,similar,No
Bill_Frist_0003.jpg,Bill_Frist_0008.jpg,similar,Yes
Ismail_Merchant_0001.jpg,Ismail_Merchant_0002.jpg,similar,Yes
John_Negroponte_0004.jpg,John_Negroponte_0017.jpg,similar,Yes
Gregory_Hines_0001.jpg,Mary_Frances_Seiter_0001.jpg,different,Yes
Camille_Lewis_0001.jpg,Keith_Lockhart_0001.jpg,different,Yes
Howard_Smith_0002.jpg,Tim_Pawlenty_0001.jpg,different,No
Alex_Penelas_0001.jpg,Alex_Penelas_0002.jpg,similar,Yes
Isabelle_Huppert_0001.jpg,Pedro_Solbes_0001.jpg,different,Yes
Bill_Curry_0001.jpg,Candice_Bergen_0001.jpg,different,Yes
Warren_Buffett_0001.jpg,Warren_Buffett_0003.jpg,similar,Yes
Judy_Dean_0001.jpg,Kristanna_Loken_0001.jpg,different,Yes
Jose_Bove_0001.jpg,Princess_Diana_0001.jpg,different,No
Mark_Dacey_0001.jpg,Mark_Dacey_0002.jpg,similar,Yes
Charla_Moye_0001.jpg,Joe_Mantegna_0001.jpg,different,No
Paul_Schrader_0001.jpg,Teri_Files_0001.jpg,different,No
Courtney_Love_0001.jpg,Tsutomu_Takebe_0001.jpg,different,Yes
Erika_Christensen_0001.jpg,Erika_Christensen_0002.jpg,similar,Yes
Chris_Noth_0001.jpg,Frank_Sinatra_0001.jpg,different,Yes
Terry_McAuliffe_0001.jpg,Terry_McAuliffe_0002.jpg,similar,Yes
Kim_Yong-il_0002.jpg,Terri_Clark_0001.jpg,different,Yes
Maria_Callas_0001.jpg,Melchor_Cob_Castro_0001.jpg,different,Yes
Angelo_Reyes_0001.jpg,Angelo_Reyes_0002.jpg,similar,Yes
Laura_Linney_0001.jpg,Laura_Linney_0003.jpg,similar,Yes
Brad_Miller_0001.jpg,Chris_Noth_0001.jpg,different,Yes
Justine_Henin_0001.jpg,Justine_Henin_0003.jpg,similar,No
George_Robertson_0005.jpg,George_Robertson_0020.jpg,similar,Yes
Miguel_Jimenez_0001.jpg,Paris_Hilton_0001.jpg,different,Yes
Hermann_Maier_0001.jpg,Hermann_Maier_0002.jpg,similar,Yes
Ashlea_Talbot_0001.jpg,Sean_Patrick_Thomas_0001.jpg,different,Yes
Tomoko_Hagiwara_0001.jpg,Tomoko_Hagiwara_0002.jpg,similar,Yes
Geraldine_Chaplin_0001.jpg,Geraldine_Chaplin_0003.jpg,similar,Yes
Tony_Shalhoub_0001.jpg,Tony_Shalhoub_0003.jpg,similar,Yes
Mohamed_ElBaradei_0003.jpg,Mohamed_ElBaradei_0006.jpg,similar,Yes
Elena_Dementieva_0001.jpg,Wilton_Gregory_0001.jpg,different,No
Lisa_Raymond_0002.jpg,Robert_Redford_0007.jpg,different,No
Jim_Calhoun_0001.jpg,Perry_Farrell_0001.jpg,different,Yes
Tatiana_Kennedy_Schlossberg_0001.jpg,Thomas_Watjen_0001.jpg,different,Yes
Gustavo_Franco_0001.jpg,Melissa_Joan_Hart_0001.jpg,different,Yes
Elizabeth_Smart_0003.jpg,Elizabeth_Smart_0004.jpg,similar,Yes
Rick_Pitino_0001.jpg,Rick_Pitino_0002.jpg,similar,Yes
Nick_Reilly_0001.jpg,Tassos_Papadopoulos_0001.jpg,different,Yes
Steve_Zahn_0001.jpg,Tab_Baldwin_0001.jpg,different,Yes
Buddy_Ryan_0001.jpg,Roy_Romanow_0001.jpg,different,No
Robert_Mueller_0001.jpg,Robert_Mueller_0003.jpg,similar,Yes
Albert_Costa_0004.jpg,Albert_Costa_0006.jpg,similar,Yes
John_Mayer_0003.jpg,Miguel_Jimenez_0001.jpg,different,Yes
Annette_Lu_0001.jpg,Annette_Lu_0002.jpg,similar,Yes
Donald_Pettit_0002.jpg,Donald_Pettit_0003.jpg,similar,Yes
Yoriko_Kawaguchi_0003.jpg,Yoriko_Kawaguchi_0010.jpg,similar,Yes
Babe_Ruth_0001.jpg,Joshua_Perper_0001.jpg,different,Yes
Aleksander_Voloshin_0001.jpg,Ashlea_Talbot_0001.jpg,different,Yes
Chang_Jae_On_0001.jpg,Oracene_Williams_0001.jpg,different,No
Ali_Naimi_0003.jpg,Ali_Naimi_0004.jpg,similar,Yes
Theodore_Tweed_Roosevelt_0002.jpg,Theodore_Tweed_Roosevelt_0003.jpg,similar,Yes
Daniel_Zelman_0001.jpg,David_Surrett_0001.jpg,different,Yes
Kurt_Warner_0001.jpg,Kurt_Warner_0005.jpg,similar,Yes
Candice_Bergen_0001.jpg,Candice_Bergen_0003.jpg,similar,Yes
Carlos_Manuel_Pruneda_0002.jpg,Carlos_Manuel_Pruneda_0003.jpg,similar,Yes
Dennis_Powell_0001.jpg,Dennis_Powell_0002.jpg,similar,Yes
Jacques_Chirac_0031.jpg,Jacques_Chirac_0052.jpg,similar,Yes
James_Franco_0001.jpg,James_Franco_0002.jpg,similar,Yes
Isabella_Rossellini_0001.jpg,Isabella_Rossellini_0002.jpg,similar,Yes
Aaron_Guiel_0001.jpg,Reese_Witherspoon_0003.jpg,different,Yes
Leonardo_DiCaprio_0003.jpg,Leonardo_DiCaprio_0007.jpg,similar,Yes
Shane_Mosley_0001.jpg,Stacey_Dales-Schuman_0001.jpg,different,No
Aline_Chretien_0001.jpg,Carlos_Iturgaitz_0001.jpg,different,Yes
Bono_0002.jpg,Se_Hyuk_Joo_0001.jpg,different,Yes
Martha_Stewart_0001.jpg,Martha_Stewart_0002.jpg,similar,No
Marcelo_Rios_0004.jpg,Marcelo_Rios_0005.jpg,similar,Yes
Paul_Martin_0003.jpg,Paul_Martin_0006.jpg,similar,Yes
Keith_Bogans_0002.jpg,Keith_Bogans_0003.jpg,similar,No
Jessica_Biel_0001.jpg,Jim_Freudenberg_0001.jpg,different,Yes
Isabelle_Huppert_0001.jpg,Isabelle_Huppert_0002.jpg,similar,Yes
Guillaume_Cannet_0001.jpg,Mohammad_Khatami_0005.jpg,different,Yes
Candice_Bergen_0001.jpg,Masum_Turker_0002.jpg,different,Yes
Jacques_Rogge_0004.jpg,Jacques_Rogge_0006.jpg,similar,Yes
Anna_Chicherova_0001.jpg,Bob_Iger_0001.jpg,different,Yes
Guillaume_Cannet_0001.jpg,Mark_Mulder_0001.jpg,different,Yes
Hussam_Mohammed_Amin_0001.jpg,Princess_Hisako_0001.jpg,different,Yes
James_Smith_0001.jpg,James_Smith_0002.jpg,similar,Yes
Gregory_Hines_0001.jpg,Gregory_Hines_0002.jpg,similar,Yes
Hussam_Mohammed_Amin_0001.jpg,Mike_Smith_0001.jpg,different,Yes
Joe_Nichols_0001.jpg,Joe_Nichols_0003.jpg,similar,Yes
Flavia_Pennetta_0001.jpg,Mikulas_Dzurinda_0002.jpg,different,Yes
Patti_Labelle_0002.jpg,Patti_Labelle_0003.jpg,similar,Yes
Eric_Snow_0001.jpg,Robert_McKee_0001.jpg,different,Yes
Claire_De_Gryse_0001.jpg,Jim_Parque_0001.jpg,different,No
Natalie_Maines_0002.jpg,Natalie_Maines_0004.jpg,similar,Yes
Lisa_Murkowski_0001.jpg,Svetlana_Belousova_0001.jpg,different,No
Denzel_Washington_0002.jpg,Denzel_Washington_0005.jpg,similar,Yes
Sasha_Cohen_0001.jpg,Valery_Giscard_dEstaing_0005.jpg,different,Yes
Vicente_Fernandez_0004.jpg,Vicente_Fernandez_0005.jpg,similar,Yes
Richie_Adubato_0001.jpg,Richie_Adubato_0002.jpg,similar,Yes
Cristina_Torrens_Valero_0001.jpg,Damarius_Bilbo_0001.jpg,different,Yes
Paul_Kariya_0001.jpg,Shannon_OBrien_0002.jpg,different,Yes
Rupert_Grint_0002.jpg,Rupert_Grint_0003.jpg,similar,Yes
Judi_Dench_0001.jpg,Judi_Dench_0002.jpg,similar,Yes
Robert_Horan_0001.jpg,Robert_Horan_0002.jpg,similar,Yes
Nasser_al-Kidwa_0001.jpg,Nasser_al-Kidwa_0002.jpg,similar,Yes
Dennis_Kozlowski_0002.jpg,James_Ivory_0001.jpg,different,Yes
Gordon_Campbell_0001.jpg,Pierre_Boulanger_0002.jpg,different,Yes
Carson_Daly_0001.jpg,Matthew_During_0001.jpg,different,Yes
Elizabeth_Smart_0001.jpg,Elizabeth_Smart_0005.jpg,similar,Yes
Hutomo_Mandala_Putra_0001.jpg,Thomas_Mesereau_Jr_0001.jpg,different,Yes
Charlie_Sheen_0001.jpg,Deece_Eckstein_0001.jpg,different,Yes
Jerry_Bruckheimer_0001.jpg,John_Blaney_0001.jpg,different,Yes
Barry_Williams_0001.jpg,Richard_Langille_0001.jpg,different,Yes
Peter_Greenaway_0001.jpg,Peter_Greenaway_0002.jpg,similar,Yes
Edward_Belvin_0001.jpg,William_Harrison_0001.jpg,different,No
Paul_Martin_0002.jpg,Paul_Martin_0004.jpg,similar,Yes
Mikulas_Dzurinda_0002.jpg,Shirley_Jones_0001.jpg,different,Yes
Fred_Durst_0001.jpg,Patricia_Phillips_0001.jpg,different,Yes
Bill_Frist_0002.jpg,Bill_Frist_0007.jpg,similar,Yes
Sarah_Jessica_Parker_0005.jpg,Sarah_Jessica_Parker_0006.jpg,similar,Yes
Rachel_Hunter_0002.jpg,Rachel_Hunter_0003.jpg,similar,Yes
Jake_Gyllenhaal_0003.jpg,Jake_Gyllenhaal_0004.jpg,similar,Yes
Jack_Grubman_0001.jpg,Jack_Grubman_0002.jpg,similar,Yes
Ian_Thorpe_0003.jpg,Ian_Thorpe_0010.jpg,similar,Yes
Chen_Shui-bian_0003.jpg,Elizabeth_Smart_0001.jpg,different,Yes
Gwendal_Peizerat_0002.jpg,Joe_Nichols_0002.jpg,different,Yes
Karen_Allen_0001.jpg,LeRoy_Millette_Jr_0001.jpg,different,Yes
Allyson_Felix_0002.jpg,Allyson_Felix_0005.jpg,similar,Yes
Will_Smith_0001.jpg,Will_Smith_0002.jpg,similar,Yes
Gao_Qiang_0001.jpg,Gao_Qiang_0002.jpg,similar,Yes
Jason_White_0001.jpg,Wolfgang_Clement_0001.jpg,different,Yes
Lloyd_Ward_0001.jpg,Lloyd_Ward_0002.jpg,similar,Yes
Hunter_Bates_0001.jpg,James_Williams_0001.jpg,different,Yes
Bridgette_Wilson-Sampras_0001.jpg,Bridgette_Wilson-Sampras_0002.jpg,similar,No
Jacques_Chirac_0030.jpg,Jacques_Chirac_0033.jpg,similar,Yes
Chris_Bell_0001.jpg,Chris_Bell_0002.jpg,similar,Yes
Leonard_Schrank_0001.jpg,Ozzy_Osbourne_0001.jpg,different,Yes
Jennifer_Keller_0003.jpg,Jennifer_Keller_0004.jpg,similar,Yes
Carla_Del_Ponte_0004.jpg,Carla_Del_Ponte_0005.jpg,similar,No
Camilla_Parker_Bowles_0002.jpg,Mary_Matalin_0001.jpg,different,Yes
Ion_Tiriac_0001.jpg,Lawrence_Roberts_0001.jpg,different,Yes
Donald_Keck_0001.jpg,Julia_Ormond_0001.jpg,different,No
Ali_Naimi_0001.jpg,Ali_Naimi_0003.jpg,similar,Yes
Bill_McBride_0008.jpg,John_Rowland_0001.jpg,different,Yes
Michelle_Yeoh_0005.jpg,Shoshannah_Stern_0001.jpg,different,Yes
Priscilla_Presley_0001.jpg,Priscilla_Presley_0002.jpg,similar,Yes
Mark_Martin_0001.jpg,Vladimir_Spidla_0002.jpg,different,No
Billy_Boyd_0001.jpg,Robin_Williams_0001.jpg,different,Yes
Victoria_Beckham_0002.jpg,Victoria_Beckham_0003.jpg,similar,Yes
Casey_Crowder_0001.jpg,Joe_Nichols_0001.jpg,different,Yes
Tom_Cruise_0001.jpg,Tom_Cruise_0007.jpg,similar,Yes
Cesar_Maia_0002.jpg,Karin_Viard_0001.jpg,different,No
Alejandro_Atchugarry_0001.jpg,Alejandro_Atchugarry_0002.jpg,similar,Yes
Antonio_Palocci_0004.jpg,Donald_Regan_0001.jpg,different,Yes
Annette_Lu_0002.jpg,Annette_Lu_0003.jpg,similar,Yes
Richard_Gere_0001.jpg,Richard_Gere_0010.jpg,similar,No
Andrew_Wetzler_0001.jpg,Cristina_Torrens_Valero_0001.jpg,different,Yes
James_Ivory_0001.jpg,Paul_Martin_0007.jpg,different,Yes
John_Belushi_0001.jpg,Mahima_Chaudhari_0001.jpg,different,Yes
Felipe_Perez_Roque_0001.jpg,Felipe_Perez_Roque_0004.jpg,similar,Yes
Brooke_Adams_0001.jpg,Hussam_Mohammed_Amin_0001.jpg,different,Yes
Elsa_Zylberstein_0001.jpg,Elsa_Zylberstein_0002.jpg,similar,Yes
Padraig_Harrington_0001.jpg,Padraig_Harrington_0003.jpg,similar,Yes
Matthew_Broderick_0002.jpg,Matthew_Broderick_0003.jpg,similar,Yes
Anne_McLellan_0002.jpg,Roman_Tam_0001.jpg,different,Yes
Jason_Mewes_0001.jpg,Will_Smith_0001.jpg,different,Yes
Joe_Pantoliano_0001.jpg,Robin_Tunney_0001.jpg,different,Yes
Paul_Martin_0001.jpg,Stephanie_Cohen_Aloro_0001.jpg,different,Yes
Dan_Bylsma_0001.jpg,Jim_Parque_0001.jpg,different,No
Felipe_Perez_Roque_0002.jpg,Felipe_Perez_Roque_0004.jpg,similar,Yes
Gwendal_Peizerat_0001.jpg,Gwendal_Peizerat_0002.jpg,similar,Yes
Jen_Bice_0001.jpg,Lily_Tomlin_0002.jpg,different,Yes
Larry_Coker_0002.jpg,Larry_Coker_0004.jpg,similar,Yes
Tyler_Hamilton_0001.jpg,Tyler_Hamilton_0002.jpg,similar,No
Thabo_Mbeki_0004.jpg,Thabo_Mbeki_0005.jpg,similar,No
Tony_Shalhoub_0001.jpg,Tony_Shalhoub_0004.jpg,similar,Yes
John_Blaney_0002.jpg,Sam_Brownback_0001.jpg,different,Yes
Manijeh_Hekmat_0001.jpg,Richard_Carl_0001.jpg,different,Yes
Norm_Coleman_0002.jpg,Norm_Coleman_0007.jpg,similar,Yes
Derrick_Battie_0001.jpg,Lisa_Leslie_0001.jpg,different,Yes
Erik_Morales_0001.jpg,Erik_Morales_0003.jpg,similar,Yes
Lynn_Abraham_0001.jpg,Lynn_Abraham_0002.jpg,similar,No
George_Robertson_0015.jpg,George_Robertson_0022.jpg,similar,Yes
Alvaro_Uribe_0007.jpg,Alvaro_Uribe_0010.jpg,similar,Yes
Mike_Price_0001.jpg,Mike_Price_0002.jpg,similar,Yes
Alex_Corretja_0001.jpg,Newt_Gingrich_0001.jpg,different,Yes
Jeremy_Greenstock_0007.jpg,Jim_Flaherty_0001.jpg,different,Yes
Tang_Jiaxuan_0001.jpg,Tang_Jiaxuan_0009.jpg,similar,Yes
Gus_Van_Sant_0001.jpg,Gus_Van_Sant_0002.jpg,similar,Yes
Annette_Lu_0001.jpg,Annette_Lu_0003.jpg,similar,Yes
Mirela_Manjani_0001.jpg,Robert_Woody_Johnson_0001.jpg,different,Yes
Richard_Norton-Taylor_0001.jpg,Richard_Norton-Taylor_0002.jpg,similar,Yes
Carly_Gullickson_0001.jpg,Mike_Helton_0002.jpg,different,Yes
Peter_Fitzgerald_0001.jpg,Zelma_Novelo_0001.jpg,different,Yes
Reese_Witherspoon_0001.jpg,Reese_Witherspoon_0004.jpg,similar,Yes
Amanda_Bynes_0001.jpg,Amanda_Bynes_0003.jpg,similar,Yes
Condoleezza_Rice_0007.jpg,Condoleezza_Rice_0010.jpg,similar,No
Cathy_Freeman_0001.jpg,Cathy_Freeman_0002.jpg,similar,No
Begum_Khaleda_Zia_0001.jpg,Jesse_Jackson_0005.jpg,different,Yes
Stan_Heath_0001.jpg,Stan_Heath_0002.jpg,similar,Yes
Abdullah_Gul_0013.jpg,Abdullah_Gul_0016.jpg,similar,No
Elin_Nordegren_0002.jpg,Ghassan_Elashi_0001.jpg,different,Yes
Helio_Castroneves_0001.jpg,Joxel_Garcia_0001.jpg,different,Yes
Frederick_Madden_0001.jpg,Luis_Ernesto_Derbez_Bautista_0003.jpg,different,Yes
Dariusz_Michalczewski_0001.jpg,Julien_Boutter_0001.jpg,different,No
Mary_Landrieu_0001.jpg,Robert_Gordon_Card_0001.jpg,different,No
Harland_Braun_0001.jpg,Lisa_Leslie_0001.jpg,different,Yes
Leslie_Moonves_0001.jpg,Leslie_Moonves_0002.jpg,similar,Yes
Vincent_Brooks_0001.jpg,Vincent_Brooks_0002.jpg,similar,Yes
Salma_Hayek_0001.jpg,Salma_Hayek_0007.jpg,similar,Yes
Barbara_Becker_0001.jpg,Gerhard_Boekel_0001.jpg,different,Yes
Dennis_Kozlowski_0002.jpg,Regina_Ip_0001.jpg,different,Yes
Rick_Perry_0001.jpg,Rick_Perry_0002.jpg,similar,Yes
Bill_McBride_0003.jpg,Bill_McBride_0009.jpg,similar,Yes
Casey_Crowder_0001.jpg,Laszlo_Kovacs_0001.jpg,different,Yes
Kristen_Breitweiser_0001.jpg,Kristen_Breitweiser_0002.jpg,similar,Yes
Salma_Hayek_0008.jpg,Salma_Hayek_0010.jpg,similar,Yes
Denzel_Washington_0004.jpg,Sung_Hong_Choi_0001.jpg,different,Yes
Ann_Veneman_0008.jpg,Ann_Veneman_0009.jpg,similar,Yes
Leonardo_DiCaprio_0001.jpg,Leonardo_DiCaprio_0008.jpg,similar,Yes
Sheila_Wellstone_0001.jpg,Sheila_Wellstone_0002.jpg,similar,Yes
Carey_Lowell_0001.jpg,Helio_Castroneves_0001.jpg,different,No
Beecher_Ray_Kirby_0001.jpg,Hashan_Tillakaratne_0001.jpg,different,Yes
Susan_Collins_0001.jpg,Susan_Collins_0002.jpg,similar,No
Svetlana_Koroleva_0001.jpg,Svetlana_Koroleva_0002.jpg,similar,Yes
Amanda_Bynes_0003.jpg,Amanda_Bynes_0004.jpg,similar,No
AJ_Lamas_0001.jpg,Zach_Safrin_0001.jpg,different,Yes
Jean-Claude_Juncker_0001.jpg,Jean-Claude_Juncker_0002.jpg,similar,Yes
Gina_Gershon_0001.jpg,Stacey_Dales-Schuman_0001.jpg,different,Yes
Armando_Avila_Panchame_0001.jpg,Hamza_Atiya_Muhsen_0001.jpg,different,Yes
Andrew_Shutley_0001.jpg,Charles_Taylor_0007.jpg,different,Yes
Priscilla_Presley_0001.jpg,Sergey_Lavrov_0005.jpg,different,Yes
Mark_Richt_0001.jpg,Mark_Richt_0003.jpg,similar,Yes
Jack_Nicholson_0002.jpg,Jack_Nicholson_0003.jpg,similar,Yes
Jen_Bice_0001.jpg,Martha_Burk_0002.jpg,different,Yes
Orrin_Hatch_0001.jpg,Orrin_Hatch_0002.jpg,similar,Yes
Janica_Kostelic_0001.jpg,Janica_Kostelic_0002.jpg,similar,Yes
Alvaro_Uribe_0017.jpg,Alvaro_Uribe_0026.jpg,similar,Yes
Carlos_Ortega_0001.jpg,Carlos_Ortega_0003.jpg,similar,Yes
Melissa_Etheridge_0002.jpg,Teri_Files_0001.jpg,different,No
Richard_Pennington_0001.jpg,Stacy_Nelson_0001.jpg,different,Yes
Mireya_Moscoso_0001.jpg,Mireya_Moscoso_0003.jpg,similar,Yes
Mary_Landrieu_0001.jpg,Mary_Landrieu_0003.jpg,similar,No
Michael_Jackson_0002.jpg,Michael_Jackson_0008.jpg,similar,Yes
Tang_Jiaxuan_0001.jpg,Tang_Jiaxuan_0006.jpg,similar,Yes
Amelie_Mauresmo_0004.jpg,Amelie_Mauresmo_0011.jpg,similar,Yes
Filip_De_Winter_0001.jpg,Stuart_Townsend_0001.jpg,different,Yes
Chita_Rivera_0001.jpg,Chita_Rivera_0002.jpg,similar,No
Jorge_Quiroga_0001.jpg,Surakait_Sathirathai_0001.jpg,different,Yes
Gerry_Adams_0005.jpg,Gerry_Adams_0008.jpg,similar,No
Russell_Crowe_0001.jpg,Russell_Crowe_0002.jpg,similar,Yes
Dick_Clark_0002.jpg,Dick_Clark_0003.jpg,similar,Yes
Cedric_Benson_0001.jpg,Greg_Hodge_0001.jpg,different,Yes
Jimmy_Carter_0008.jpg,Jimmy_Carter_0009.jpg,similar,Yes
Frank_Van_Ecke_0001.jpg,Gary_Gero_0001.jpg,different,Yes
Phillipe_Comtois_0001.jpg,Richard_Carl_0001.jpg,different,Yes
Mikulas_Dzurinda_0001.jpg,Mikulas_Dzurinda_0002.jpg,similar,Yes
Elisabeth_Welch_0001.jpg,Francisco_Maturana_0001.jpg,different,No
Gary_Leon_Ridgway_0001.jpg,Lisa_Raymond_0001.jpg,different,Yes
Monica_Lewinsky_0002.jpg,Monica_Lewinsky_0003.jpg,similar,Yes
Bill_Frist_0004.jpg,Donald_Pettit_0002.jpg,different,Yes
Filip_De_Winter_0001.jpg,Sue_Grafton_0001.jpg,different,Yes
Damarius_Bilbo_0001.jpg,Sheila_Taormina_0001.jpg,different,Yes
Antonio_Trillanes_0002.jpg,Antonio_Trillanes_0003.jpg,similar,Yes
Chen_Shui-bian_0002.jpg,Simon_Cowell_0001.jpg,different,Yes
Neil_Goldman_0001.jpg,Niall_Connolly_0001.jpg,different,Yes
Bill_Sizemore_0001.jpg,Calista_Flockhart_0003.jpg,different,Yes
Jorge_Arce_0001.jpg,Samuel_Waksal_0003.jpg,different,Yes
Harry_Kalas_0001.jpg,Harry_Kalas_0002.jpg,similar,No
Charlie_Sheen_0001.jpg,Janice_Goldfinger_0001.jpg,different,Yes
Rod_Thorn_0001.jpg,Yves_Brodeur_0001.jpg,different,Yes
Michael_Phelps_0001.jpg,Michael_Phelps_0003.jpg,similar,Yes
Kristin_Davis_0003.jpg,Steven_Van_Zandt_0001.jpg,different,Yes
Bruce_Willis_0001.jpg,Heather_Mills_0002.jpg,different,Yes
Jack_Welch_0001.jpg,Rick_Dinse_0002.jpg,different,Yes
Colin_Campbell_0001.jpg,Matt_Walters_0001.jpg,different,Yes
Bono_0001.jpg,Bono_0002.jpg,similar,Yes
Marieta_Chrousala_0001.jpg,Marieta_Chrousala_0003.jpg,similar,Yes
Annie_Chaplin_0001.jpg,Ion_Tiriac_0001.jpg,different,Yes
Chita_Rivera_0002.jpg,Jose_Luis_Chilavert_0001.jpg,different,Yes
Elinor_Caplan_0001.jpg,Elinor_Caplan_0002.jpg,similar,No
Elizabeth_Regan_0001.jpg,Pierre_Boulanger_0002.jpg,different,Yes
Aaron_Tippin_0001.jpg,Jose_Luis_Rodriguez_Zapatero_0001.jpg,different,Yes
Chris_Andrews_0001.jpg,Elinor_Caplan_0002.jpg,different,No
King_Abdullah_II_0001.jpg,King_Abdullah_II_0002.jpg,similar,Yes
Jessica_Lange_0001.jpg,Jessica_Lange_0002.jpg,similar,Yes
Fernando_Vargas_0002.jpg,Fernando_Vargas_0004.jpg,similar,Yes
Fred_Durst_0001.jpg,Rose_Linkins_0001.jpg,different,Yes
Fabiola_Zuluaga_0001.jpg,Fabiola_Zuluaga_0002.jpg,similar,Yes
Bing_Crosby_0001.jpg,John_Moxley_0001.jpg,different,Yes
Brock_Berlin_0001.jpg,Wendy_Selig_0001.jpg,different,Yes
Javier_Weber_0001.jpg,Javier_Weber_0002.jpg,similar,Yes
John_Bolton_0003.jpg,John_Bolton_0010.jpg,similar,No
Kevin_Hearn_0001.jpg,Todd_Haynes_0003.jpg,different,Yes
Aileen_Riggin_Soule_0001.jpg,Damarius_Bilbo_0001.jpg,different,No
Pedro_Malan_0002.jpg,Pedro_Malan_0003.jpg,similar,Yes
Candice_Bergen_0002.jpg,Jake_Gyllenhaal_0002.jpg,different,Yes
Jeannette_Biedermann_0001.jpg,Roy_Moore_0006.jpg,different,Yes
Cristina_Fernandez_0001.jpg,Cristina_Fernandez_0002.jpg,similar,Yes
Muhammad_Ali_0004.jpg,Muhammad_Ali_0007.jpg,similar,Yes
Begum_Khaleda_Zia_0001.jpg,Begum_Khaleda_Zia_0002.jpg,similar,Yes
Kurt_Hellstrom_0001.jpg,Manuel_Pellegrini_0001.jpg,different,Yes
Gordon_Campbell_0001.jpg,Gordon_Campbell_0002.jpg,similar,Yes
Manijeh_Hekmat_0001.jpg,Se_Hyuk_Joo_0001.jpg,different,Yes
Rachel_Griffiths_0001.jpg,Rachel_Griffiths_0003.jpg,similar,Yes
Steve_Lavin_0001.jpg,Steve_Lavin_0004.jpg,similar,Yes
Rod_Stewart_0001.jpg,Rod_Stewart_0003.jpg,similar,Yes
Al_Pacino_0001.jpg,Izzat_Ibrahim_0001.jpg,different,Yes
Martha_Stewart_0003.jpg,Martha_Stewart_0005.jpg,similar,No
Cecilia_Cheung_0001.jpg,Kirsten_Clark_0001.jpg,different,Yes
Alisha_Richman_0001.jpg,Spencer_Abraham_0009.jpg,different,Yes
Edward_James_Olmos_0001.jpg,Jesse_Harris_0003.jpg,different,Yes
Richard_Butler_0001.jpg,Victoria_Beckham_0001.jpg,different,Yes
Charles_Cope_0001.jpg,John_Franco_0001.jpg,different,Yes
Gray_Davis_0013.jpg,Gray_Davis_0023.jpg,similar,Yes
George_Foreman_0001.jpg,George_Foreman_0002.jpg,similar,Yes
Takeo_Fukui_0001.jpg,Will_Ofenheusle_0001.jpg,different,Yes
Jiang_Zemin_0012.jpg,Jiang_Zemin_0015.jpg,similar,Yes
Bono_0001.jpg,Bono_0003.jpg,similar,Yes
David_Shayler_0001.jpg,Peter_Mullan_0001.jpg,different,Yes
Lino_Oviedo_0001.jpg,Lino_Oviedo_0002.jpg,similar,Yes
Christine_Todd_Whitman_0005.jpg,Neil_Goldman_0001.jpg,different,Yes
Charley_Armey_0001.jpg,Jose_Cevallos_0001.jpg,different,Yes
Benjamin_McKenzie_0001.jpg,Lisa_Leslie_0001.jpg,different,Yes
Todd_Haynes_0001.jpg,Todd_Haynes_0004.jpg,similar,Yes
John_Garamendi_0002.jpg,Peter_Goldmark_0001.jpg,different,Yes
Cristina_Torrens_Valero_0001.jpg,Etta_James_0001.jpg,different,Yes
Allison_Searing_0001.jpg,Phillip_Fulmer_0001.jpg,different,No
Abdullah_Gul_0016.jpg,Steve_Cox_0001.jpg,different,No
Frank_Dunham_Jr_0001.jpg,Frank_Dunham_Jr_0002.jpg,similar,Yes
Michael_Linscott_0001.jpg,Robin_Tunney_0001.jpg,different,No
Chok_Tong_Goh_0001.jpg,Chok_Tong_Goh_0002.jpg,similar,No
Naomi_Campbell_0001.jpg,Naomi_Campbell_0002.jpg,similar,Yes
Amporn_Falise_0001.jpg,Zhang_Yimou_0001.jpg,different,Yes
Tracee_Ellis_Ross_0001.jpg,Tracee_Ellis_Ross_0002.jpg,similar,Yes
Elin_Nordegren_0001.jpg,Elin_Nordegren_0002.jpg,similar,Yes
Dick_Clark_0001.jpg,Dick_Clark_0003.jpg,similar,Yes
James_Kelly_0009.jpg,James_Kelly_0011.jpg,similar,Yes
Flor_Montulo_0001.jpg,Flor_Montulo_0002.jpg,similar,Yes
Ann_Veneman_0005.jpg,Ann_Veneman_0011.jpg,similar,Yes
Robby_Ginepri_0001.jpg,Robby_Ginepri_0002.jpg,similar,Yes
Jean-Pierre_Raffarin_0002.jpg,Jean-Pierre_Raffarin_0006.jpg,similar,Yes
Jim_Cantalupo_0001.jpg,Joe_Pantoliano_0001.jpg,different,Yes
Carrie-Anne_Moss_0002.jpg,Carrie-Anne_Moss_0005.jpg,similar,Yes
Adel_Al-Jubeir_0001.jpg,Elisabeth_Welch_0001.jpg,different,Yes
John_Bolton_0011.jpg,John_Bolton_0014.jpg,similar,No
Dave_Campo_0001.jpg,Dave_Campo_0002.jpg,similar,Yes
Gray_Davis_0006.jpg,Gray_Davis_0023.jpg,similar,Yes
Bono_0002.jpg,Bono_0003.jpg,similar,Yes
Gordon_Brown_0004.jpg,Gordon_Brown_0011.jpg,similar,Yes
Billy_Boyd_0001.jpg,Liza_Minnelli_0003.jpg,different,Yes
Allison_Janney_0001.jpg,Allison_Janney_0002.jpg,similar,Yes
Pedro_Malan_0001.jpg,Pedro_Malan_0004.jpg,similar,Yes
Augustin_Calleri_0001.jpg,Augustin_Calleri_0004.jpg,similar,Yes
Latrell_Sprewell_0001.jpg,Latrell_Sprewell_0002.jpg,similar,No
Arthur_Johnson_0001.jpg,Steve_Pagliuca_0001.jpg,different,No
Daniel_Comisso_Urdaneta_0001.jpg,Jean-Marc_de_La_Sabliere_0001.jpg,different,No
John_Kerr_0001.jpg,Susan_Whelan_0001.jpg,different,Yes
Matthew_Broderick_0001.jpg,Matthew_Broderick_0004.jpg,similar,Yes
Martha_Stewart_0002.jpg,Martha_Stewart_0005.jpg,similar,No
Kent_Robinson_0001.jpg,Marquier_Montano_Contreras_0001.jpg,different,Yes
Eric_Lindros_0001.jpg,Melvin_Talbert_0001.jpg,different,Yes
Kamal_Kharrazi_0003.jpg,Kamal_Kharrazi_0005.jpg,similar,Yes
Amelie_Mauresmo_0016.jpg,Amelie_Mauresmo_0021.jpg,similar,Yes
Bill_Frist_0001.jpg,Bill_Frist_0003.jpg,similar,Yes
Emma_Watson_0001.jpg,Emma_Watson_0004.jpg,similar,Yes
Bill_McBride_0002.jpg,Bill_McBride_0010.jpg,similar,Yes
Marc_Anthony_0001.jpg,Vince_Vaughan_0001.jpg,different,Yes
Garry_Trudeau_0001.jpg,Garry_Trudeau_0002.jpg,similar,Yes
Christine_Ebersole_0002.jpg,Vincent_Cianci_Jr_0001.jpg,different,Yes
Chawki_Armali_0001.jpg,Hilmi_Akin_Zorlu_0001.jpg,different,Yes
Robert_Redford_0007.jpg,Robert_Redford_0008.jpg,similar,Yes
Owen_Wilson_0001.jpg,Owen_Wilson_0002.jpg,similar,Yes
Spencer_Abraham_0012.jpg,Spencer_Abraham_0013.jpg,similar,Yes
Tim_Allen_0001.jpg,Tim_Allen_0002.jpg,similar,Yes
Steven_Hatfill_0001.jpg,Steven_Hatfill_0002.jpg,similar,Yes
Amporn_Falise_0001.jpg,Christiane_Wulff_0001.jpg,different,Yes
Gary_Leon_Ridgway_0001.jpg,Phillip_Seymor_Hoffmann_0001.jpg,different,Yes
Jenna_Elfman_0001.jpg,Mack_Brown_0001.jpg,different,Yes
LK_Advani_0001.jpg,LK_Advani_0003.jpg,similar,No
Tommy_Haas_0002.jpg,Tommy_Haas_0003.jpg,similar,Yes
Lea_Fastow_0001.jpg,Todd_Parrott_0001.jpg,different,No
James_Kelly_0004.jpg,James_Kelly_0011.jpg,similar,Yes
Leonid_Kuchma_0002.jpg,Leonid_Kuchma_0003.jpg,similar,Yes
Fran_Drescher_0002.jpg,William_Martin_0001.jpg,different,Yes
Camille_Lewis_0001.jpg,Melissa_Etheridge_0001.jpg,different,Yes
Hank_Aaron_0001.jpg,Ron_Howard_0002.jpg,different,No
Michael_Sheehan_0001.jpg,Vincent_Cianci_Jr_0001.jpg,different,Yes
Paul_Sarbanes_0002.jpg,Paul_Sarbanes_0003.jpg,similar,Yes
Paul_Martin_0001.jpg,Paul_Martin_0008.jpg,similar,Yes
Ricky_Cottrill_0001.jpg,Sananda_Maitreya_0001.jpg,different,Yes
Adam_Kennedy_0001.jpg,Amelie_Mauresmo_0019.jpg,different,Yes
Pierce_Brosnan_0007.jpg,Pierce_Brosnan_0008.jpg,similar,Yes
Mike_Leach_0001.jpg,Thomas_Haeggstroem_0001.jpg,different,Yes
Arlen_Specter_0001.jpg,Arlen_Specter_0003.jpg,similar,No
Elin_Nordegren_0001.jpg,Fredric_Seaman_0001.jpg,different,Yes
Liza_Minnelli_0001.jpg,Liza_Minnelli_0003.jpg,similar,Yes
Assad_Ahmadi_0001.jpg,Jose_Cevallos_0001.jpg,different,Yes
Damarius_Bilbo_0001.jpg,Janis_Ruth_Coulter_0001.jpg,different,Yes
Susie_Castillo_0001.jpg,Susie_Castillo_0002.jpg,similar,Yes
Gordon_Brown_0012.jpg,Monica_Gabrielle_0001.jpg,different,Yes
John_Bolton_0004.jpg,John_Bolton_0014.jpg,similar,Yes
Janis_Ruth_Coulter_0001.jpg,Laurent_Woulzy_0001.jpg,different,Yes
Miguel_Aldana_Ibarra_0001.jpg,Mikhail_Gorbachev_0001.jpg,different,Yes
Patty_Schnyder_0001.jpg,Patty_Schnyder_0003.jpg,similar,Yes
Christine_Todd_Whitman_0005.jpg,Christine_Todd_Whitman_0006.jpg,similar,Yes
Frank_Cassell_0001.jpg,Frank_Cassell_0002.jpg,similar,No
Vincent_Brooks_0002.jpg,Vincent_Brooks_0006.jpg,similar,Yes
Chen_Shui-bian_0002.jpg,William_Nessen_0001.jpg,different,Yes
Gary_Doer_0001.jpg,Gary_Doer_0002.jpg,similar,Yes
John_McCallum_0001.jpg,Mark_Andrew_0001.jpg,different,Yes
Charmaine_Crooks_0001.jpg,Shigeru_Ishiba_0001.jpg,different,Yes
Grace_Kelly_0001.jpg,Leslie_Moonves_0001.jpg,different,Yes
Robbie_Fowler_0001.jpg,Robbie_Fowler_0002.jpg,similar,Yes
Georgia_Giddings_0001.jpg,Johnny_Carson_0001.jpg,different,Yes
Jan_Ullrich_0002.jpg,Jan_Ullrich_0005.jpg,similar,Yes
Vaclav_Havel_0001.jpg,Vaclav_Havel_0009.jpg,similar,No
Brian_Cowen_0002.jpg,Dave_Johnson_0001.jpg,different,No
Christian_Longo_0002.jpg,Dustan_Mohr_0001.jpg,different,Yes
Pedro_Malan_0001.jpg,Pedro_Malan_0002.jpg,similar,Yes
Elisabeth_Schumacher_0001.jpg,Elisabeth_Schumacher_0002.jpg,similar,Yes
Abdul_Majeed_Shobokshi_0001.jpg,Charles_Cope_0001.jpg,different,No
Leonid_Kuchma_0004.jpg,Leonid_Kuchma_0006.jpg,similar,Yes
Ernie_Fletcher_0001.jpg,Ernie_Fletcher_0002.jpg,similar,Yes
Jesse_Ventura_0001.jpg,Reggie_Lewis_0001.jpg,different,Yes
Bob_Iger_0001.jpg,Brian_Cowen_0001.jpg,different,Yes
Sergey_Lavrov_0001.jpg,Sergey_Lavrov_0010.jpg,similar,Yes
Shane_Mosley_0001.jpg,Shane_Mosley_0002.jpg,similar,No
Edward_Norton_0001.jpg,Edward_Norton_0002.jpg,similar,Yes
Don_King_0001.jpg,Tab_Baldwin_0001.jpg,different,Yes
Sean_Astin_0001.jpg,Sean_Astin_0002.jpg,similar,Yes
Calvin_Joseph_Coleman_0001.jpg,Victor_Garber_0001.jpg,different,No
Bob_Newhart_0001.jpg,Marina_Canetti_0001.jpg,different,Yes
Mark_Dacey_0002.jpg,Russ_Ortiz_0001.jpg,different,Yes
James_Maguire_0001.jpg,James_Maguire_0002.jpg,similar,Yes
Amanda_Bynes_0001.jpg,Amanda_Bynes_0004.jpg,similar,No
Natalie_Coughlin_0003.jpg,Natalie_Coughlin_0005.jpg,similar,Yes
Sean_OKeefe_0004.jpg,Sean_OKeefe_0005.jpg,similar,No
Flor_Montulo_0001.jpg,Steve_Blankenship_0001.jpg,different,Yes
Jim_Letten_0001.jpg,Victor_Hanescu_0001.jpg,different,Yes
Carolyn_Dawn_Johnson_0002.jpg,Carolyn_Dawn_Johnson_0003.jpg,similar,Yes
Alvaro_Uribe_0028.jpg,Alvaro_Uribe_0029.jpg,similar,Yes
Mona_Ayoub_0001.jpg,Todd_Parrott_0001.jpg,different,No
Gene_Robinson_0002.jpg,Gene_Robinson_0004.jpg,similar,Yes
Farouk_Kaddoumi_0001.jpg,Will_Smith_0002.jpg,different,Yes
Andy_Hebb_0001.jpg,Andy_Hebb_0002.jpg,similar,Yes
Glenn_Tilton_0001.jpg,Victor_Hanescu_0001.jpg,different,Yes
LK_Advani_0002.jpg,LK_Advani_0003.jpg,similar,No
Claire_Leger_0001.jpg,Claire_Leger_0002.jpg,similar,Yes
Harvey_Fierstein_0001.jpg,Mike_Slive_0001.jpg,different,Yes
Fabiola_Zuluaga_0001.jpg,Rose_Linkins_0001.jpg,different,Yes
Kosuke_Kitajima_0002.jpg,Qazi_Hussain_Ahmed_0001.jpg,different,No
Jose_Dirceu_0001.jpg,Jose_Dirceu_0002.jpg,similar,Yes
Paul-Henri_Mathieu_0001.jpg,Paul-Henri_Mathieu_0002.jpg,similar,No
Julia_Ormond_0001.jpg,Randy_Dryer_0001.jpg,different,Yes
Robert_Redford_0002.jpg,Robert_Redford_0005.jpg,similar,Yes
William_Macy_0003.jpg,William_Macy_0005.jpg,similar,Yes
Allison_Searing_0001.jpg,Mark_Martin_0001.jpg,different,No
Charles_Taylor_0003.jpg,Charles_Taylor_0009.jpg,similar,No
Ali_Naimi_0008.jpg,Vanessa_Laine_0001.jpg,different,Yes
John_Walsh_0001.jpg,John_Walsh_0002.jpg,similar,Yes
Bill_Carmody_0001.jpg,Tippi_Hedren_0001.jpg,different,No
Eliott_Spitzer_0001.jpg,Jerry_Bruckheimer_0001.jpg,different,Yes
Marissa_Jaret_Winokur_0001.jpg,Vincent_Sombrotto_0001.jpg,different,Yes
Patrick_Leahy_0001.jpg,Patrick_Leahy_0002.jpg,similar,Yes
John_Rowland_0001.jpg,John_Rowland_0002.jpg,similar,Yes
Jim_Harrick_0001.jpg,Jim_Harrick_0002.jpg,similar,Yes
Chang_Dae-whan_0001.jpg,Chang_Dae-whan_0002.jpg,similar,Yes
Winona_Ryder_0019.jpg,Winona_Ryder_0021.jpg,similar,Yes
Brian_Griese_0001.jpg,Jennie_Garth_0001.jpg,different,Yes
Miguel_Contreras_0001.jpg,Miguel_Contreras_0002.jpg,similar,Yes
Ian_Thorpe_0006.jpg,Ian_Thorpe_0008.jpg,similar,Yes
John_Lynch_0001.jpg,Stefano_Gabbana_0001.jpg,different,Yes
Anne_Krueger_0001.jpg,Anne_Krueger_0002.jpg,similar,Yes
Vaclav_Havel_0001.jpg,Vaclav_Havel_0006.jpg,similar,No
Gerry_Adams_0003.jpg,Gerry_Adams_0007.jpg,similar,Yes
James_Butts_0001.jpg,James_Butts_0002.jpg,similar,Yes
Calista_Flockhart_0002.jpg,Calista_Flockhart_0006.jpg,similar,Yes
Cecilia_Chang_0001.jpg,Jeffery_Hendren_0001.jpg,different,Yes
Michael_J_Sheehan_0001.jpg,Michael_Smith_Foster_0001.jpg,different,Yes
Christine_Todd_Whitman_0002.jpg,Peter_Rasch_0001.jpg,different,Yes
Heather_Mills_0003.jpg,Heather_Mills_0004.jpg,similar,Yes
Edith_Masai_0001.jpg,Idi_Amin_0001.jpg,different,Yes
Adel_Al-Jubeir_0001.jpg,Adel_Al-Jubeir_0003.jpg,similar,Yes
David_Stern_0003.jpg,David_Stern_0004.jpg,similar,Yes
Tammy_Lynn_Michaels_0001.jpg,Tammy_Lynn_Michaels_0002.jpg,similar,Yes
Donald_Rumsfeld_0028.jpg,Donald_Rumsfeld_0108.jpg,similar,Yes
Carlo_Ancelotti_0001.jpg,Hugh_Miller_0001.jpg,different,Yes
Jean-Claude_Trichet_0001.jpg,Jean-Claude_Trichet_0002.jpg,similar,Yes
Chris_Byrd_0001.jpg,David_Alpay_0001.jpg,different,Yes
Rebecca_Romijn-Stamos_0003.jpg,Rebecca_Romijn-Stamos_0004.jpg,similar,Yes
Amanda_Bynes_0001.jpg,Amanda_Bynes_0002.jpg,similar,Yes
Luciano_Pavarotti_0001.jpg,Luciano_Pavarotti_0003.jpg,similar,Yes
Mack_Brown_0001.jpg,Mack_Brown_0002.jpg,similar,Yes
Ben_Affleck_0003.jpg,Ben_Affleck_0006.jpg,similar,Yes
Jose_Bove_0001.jpg,Michalis_Chrisohoides_0001.jpg,different,No
Ashley_Judd_0001.jpg,Pat_Burns_0001.jpg,different,Yes
John_Garamendi_0001.jpg,John_Garamendi_0002.jpg,similar,Yes
Ron_Howard_0001.jpg,Tim_Pawlenty_0001.jpg,different,Yes
Ismail_Merchant_0001.jpg,Joseph_Deiss_0001.jpg,different,Yes
Jim_Hahn_0004.jpg,Vicente_Fernandez_0002.jpg,different,Yes
John_McCallum_0001.jpg,John_McCallum_0002.jpg,similar,Yes
Aretha_Franklin_0001.jpg,Marc_Racicot_0001.jpg,different,Yes
Mark_Richt_0002.jpg,Mark_Richt_0003.jpg,similar,Yes
Mike_Maroth_0001.jpg,Stefan_Holm_0001.jpg,different,Yes
Bertie_Ahern_0002.jpg,Bertie_Ahern_0003.jpg,similar,Yes
Luis_Figo_0001.jpg,Luis_Figo_0002.jpg,similar,Yes
Charla_Moye_0001.jpg,Robert_Nillson_0001.jpg,different,Yes
Norm_Coleman_0002.jpg,Osmond_Smith_0001.jpg,different,Yes
Edward_Seaga_0001.jpg,Fatmir_Limaj_0001.jpg,different,Yes
Sean_Patrick_OMalley_0001.jpg,Sean_Patrick_OMalley_0003.jpg,similar,No
Barbara_Roberts_0001.jpg,Kirsten_Clark_0001.jpg,different,Yes
Mufti_Mohammad_Syed_0001.jpg,Ralf_Schumacher_0004.jpg,different,No
David_Kelley_0001.jpg,Gerald_Calabrese_0001.jpg,different,Yes
Colleen_Ryan_0001.jpg,Noah_Wyle_0002.jpg,different,Yes
Julie_Gerberding_0008.jpg,Julie_Gerberding_0012.jpg,similar,Yes
Gerhard_Schroeder_0003.jpg,Gerhard_Schroeder_0026.jpg,similar,Yes
Pierre_Boulanger_0001.jpg,Shania_Twain_0001.jpg,different,Yes
Tom_Cruise_0002.jpg,Tom_Cruise_0004.jpg,similar,Yes
Rod_Blagojevich_0001.jpg,Rod_Blagojevich_0002.jpg,similar,Yes
Derek_Jeter_0002.jpg,Derek_Jeter_0003.jpg,similar,Yes
Matt_Dillon_0001.jpg,Regina_Ip_0001.jpg,different,Yes
Carlos_Manuel_Pruneda_0001.jpg,Carlos_Manuel_Pruneda_0003.jpg,similar,Yes
Jeane_Kirkpatrick_0001.jpg,Tamika_Catchings_0001.jpg,different,Yes
Izzat_Ibrahim_0001.jpg,Tina_Sinatra_0001.jpg,different,Yes
Patty_Sheehan_0001.jpg,William_Nessen_0001.jpg,different,Yes
Jennifer_Connelly_0001.jpg,Jennifer_Connelly_0004.jpg,similar,Yes
Joaquin_Phoenix_0001.jpg,Kajsa_Bergqvist_0001.jpg,different,Yes
Leonard_Glick_0001.jpg,Terrence_Trammell_0001.jpg,different,Yes
Paul_Burrell_0004.jpg,Paul_Burrell_0010.jpg,similar,Yes
Laura_Elena_Harring_0001.jpg,Rowan_Williams_0001.jpg,different,Yes
Fred_Durst_0001.jpg,Tara_Reid_0001.jpg,different,Yes
Bill_Frist_0002.jpg,Malcolm_Wild_0001.jpg,different,Yes
Chris_Andrews_0001.jpg,Claire_De_Gryse_0001.jpg,different,Yes
Katie_Boone_0001.jpg,Terri_Clark_0001.jpg,different,Yes
Barbara_Brezigar_0001.jpg,Barbara_Brezigar_0002.jpg,similar,Yes
Mitchell_McLaughlin_0001.jpg,Timothy_Goebel_0001.jpg,different,Yes
James_Kopp_0001.jpg,James_Kopp_0003.jpg,similar,Yes
Ali_Fallahian_0001.jpg,Mohammed_Abulhasan_0001.jpg,different,Yes
Keith_Osik_0001.jpg,Robert_Nardelli_0001.jpg,different,No
Hubie_Brown_0001.jpg,Yoon_Jeong_Cho_0001.jpg,different,No
Ismail_Cem_0001.jpg,Seth_Gorney_0001.jpg,different,Yes
Erin_Runnion_0003.jpg,Erin_Runnion_0004.jpg,similar,Yes
Antonio_Trillanes_0001.jpg,Antonio_Trillanes_0002.jpg,similar,Yes
Amelie_Mauresmo_0006.jpg,Terri_Clark_0001.jpg,different,Yes
Anne_McLellan_0002.jpg,Richard_Penniman_0001.jpg,different,Yes
Andrew_Caldecott_0001.jpg,Joe_Strummer_0001.jpg,different,Yes
Michael_Sullivan_0001.jpg,Michael_Sullivan_0002.jpg,similar,Yes
Jesse_Ventura_0003.jpg,Roy_Romanow_0001.jpg,different,Yes
Gary_Doer_0002.jpg,Gary_Doer_0003.jpg,similar,Yes
Donald_Rumsfeld_0040.jpg,Tamika_Catchings_0001.jpg,different,Yes
John_Walsh_0002.jpg,Paul_Hogan_0002.jpg,different,Yes
Don_Carcieri_0001.jpg,Jane_Rooney_0001.jpg,different,Yes
Tang_Jiaxuan_0001.jpg,Tang_Jiaxuan_0010.jpg,similar,Yes
Gwyneth_Paltrow_0004.jpg,Gwyneth_Paltrow_0005.jpg,similar,Yes
Elsa_Zylberstein_0003.jpg,Elsa_Zylberstein_0006.jpg,similar,Yes
Caroline_Dhavernas_0001.jpg,James_Smith_0001.jpg,different,Yes
Scott_McNealy_0001.jpg,Scott_McNealy_0002.jpg,similar,Yes
Leszek_Miller_0002.jpg,Leszek_Miller_0003.jpg,similar,No
Leonid_Kuchma_0002.jpg,Leonid_Kuchma_0004.jpg,similar,Yes
David_Braley_0001.jpg,Gerard_Tronche_0001.jpg,different,Yes
Yevgeny_Kafelnikov_0003.jpg,Yevgeny_Kafelnikov_0004.jpg,similar,Yes
Robert_Redford_0004.jpg,Robert_Redford_0007.jpg,similar,Yes
Francis_Ricciardone_0001.jpg,Gene_Sauers_0001.jpg,different,Yes
Candice_Bergen_0002.jpg,Prospero_Pichay_0001.jpg,different,Yes
Michelle_Yeoh_0003.jpg,Michelle_Yeoh_0004.jpg,similar,Yes
Amy_Gale_0001.jpg,Frank_Murkowski_0001.jpg,different,Yes
Jennifer_Keller_0002.jpg,Jennifer_Keller_0004.jpg,similar,Yes
Leonid_Kuchma_0001.jpg,Leonid_Kuchma_0006.jpg,similar,Yes
Silvio_Berlusconi_0014.jpg,Silvio_Berlusconi_0023.jpg,similar,Yes
Gregory_Geoffroy_0002.jpg,Paul_Burrell_0011.jpg,different,Yes
Al_Cardenas_0001.jpg,Mary_Landrieu_0003.jpg,different,Yes
Allison_Searing_0001.jpg,Amy_Gale_0001.jpg,different,No
Franco_Frattini_0001.jpg,Gholamreza_Aghazadeh_0001.jpg,different,Yes
Matt_Doherty_0001.jpg,Matt_Doherty_0003.jpg,similar,No
Sean_Patrick_OMalley_0001.jpg,Sean_Patrick_OMalley_0002.jpg,similar,No
Rod_Stewart_0003.jpg,Se_Hyuk_Joo_0001.jpg,different,Yes
Elliott_Mincberg_0001.jpg,Gene_Orza_0001.jpg,different,Yes
Ben_Affleck_0002.jpg,Ben_Affleck_0006.jpg,similar,Yes
Mohammed_Baqir_al-Hakim_0003.jpg,Neil_Goldman_0001.jpg,different,Yes
Janet_Chandler_0001.jpg,Zoe_Ball_0001.jpg,different,Yes
Gilberto_Rodriguez_Orejuela_0003.jpg,Gilberto_Rodriguez_Orejuela_0004.jpg,similar,Yes
Augustin_Calleri_0004.jpg,John_Jones_0001.jpg,different,Yes
Tang_Jiaxuan_0001.jpg,Tang_Jiaxuan_0011.jpg,similar,Yes
Jesse_Ventura_0001.jpg,Jesse_Ventura_0003.jpg,similar,Yes
Surakait_Sathirathai_0001.jpg,Surakait_Sathirathai_0002.jpg,similar,Yes
Halbert_Fillinger_0001.jpg,Rachel_Hunter_0001.jpg,different,Yes
Conchita_Martinez_0001.jpg,Moby_0001.jpg,different,Yes
Nicanor_Duarte_Frutos_0008.jpg,Nicanor_Duarte_Frutos_0010.jpg,similar,Yes
Jean-Pierre_Raffarin_0002.jpg,Robert_Horan_0002.jpg,different,Yes
Mikhail_Youzhny_0001.jpg,Mikhail_Youzhny_0002.jpg,similar,Yes
Eliane_Karp_0001.jpg,Eliane_Karp_0004.jpg,similar,Yes
David_Surrett_0001.jpg,Oracene_Williams_0001.jpg,different,No
Giuseppe_Gibilisco_0003.jpg,Giuseppe_Gibilisco_0004.jpg,similar,Yes
Bono_0001.jpg,Chen_Shui-bian_0002.jpg,different,Yes
Bridget_Fonda_0001.jpg,Bridget_Fonda_0003.jpg,similar,Yes
Cindy_Taylor_0001.jpg,Melissa_Joan_Hart_0001.jpg,different,Yes
Michael_Smith_Foster_0001.jpg,Rupert_Murdoch_0001.jpg,different,Yes
Michel_Duclos_0001.jpg,Michel_Duclos_0002.jpg,similar,Yes
Gideon_Yago_0001.jpg,Robert_Gordon_Card_0001.jpg,different,No
Pierce_Brosnan_0004.jpg,Pierce_Brosnan_0012.jpg,similar,Yes
Abdullatif_Sener_0001.jpg,Abdullatif_Sener_0002.jpg,similar,Yes
Carson_Daly_0001.jpg,Carson_Daly_0002.jpg,similar,Yes
Rick_Perry_0006.jpg,Svetlana_Koroleva_0001.jpg,different,Yes
Diane_Green_0001.jpg,Ruth_Christofferson_0001.jpg,different,Yes
Dick_Clark_0001.jpg,Dick_Clark_0002.jpg,similar,Yes
Park_Jie-won_0001.jpg,Steve_Patterson_0001.jpg,different,Yes
Richard_Shelby_0001.jpg,Richard_Shelby_0002.jpg,similar,Yes
Emma_Watson_0002.jpg,Emma_Watson_0003.jpg,similar,Yes
Edward_Lu_0002.jpg,Edward_Lu_0004.jpg,similar,Yes
Dan_Ackroyd_0001.jpg,Nikki_Teasley_0001.jpg,different,No
Sami_Al-Arian_0001.jpg,Tommy_Lasorda_0001.jpg,different,Yes
Seth_Gorney_0001.jpg,Wilton_Gregory_0001.jpg,different,Yes
Kosuke_Kitajima_0001.jpg,Kosuke_Kitajima_0002.jpg,similar,No
John_Stallworth_0001.jpg,John_Stallworth_0002.jpg,similar,Yes
Laurent_Jalabert_0001.jpg,Laurent_Jalabert_0002.jpg,similar,Yes
Lauren_Killian_0001.jpg,Lauren_Killian_0002.jpg,similar,Yes
Darvis_Patton_0001.jpg,Tammy_Lynn_Michaels_0001.jpg,different,No
Lisa_Raymond_0001.jpg,Lisa_Raymond_0002.jpg,similar,No
Gilberto_Rodriguez_Orejuela_0001.jpg,Gilberto_Rodriguez_Orejuela_0003.jpg,similar,No
Gerard_Tronche_0001.jpg,Jana_Pittman_0001.jpg,different,Yes
Elaine_Chao_0001.jpg,Wilbert_Elki_Meza_Majino_0001.jpg,different,Yes
Jose_Luis_Chilavert_0001.jpg,Sofyan_Dawood_0001.jpg,different,Yes
Ann_Godbehere_0001.jpg,Paul_Newman_0001.jpg,different,Yes
Thaksin_Shinawatra_0001.jpg,Thaksin_Shinawatra_0006.jpg,similar,Yes
Bill_Kollar_0001.jpg,Phillip_Seymor_Hoffmann_0001.jpg,different,Yes
Asif_Ali_Zardari_0001.jpg,Cristina_Torrens_Valero_0001.jpg,different,Yes
Dominique_de_Villepin_0014.jpg,Dominique_de_Villepin_0015.jpg,similar,Yes
Warren_Beatty_0001.jpg,Warren_Beatty_0002.jpg,similar,Yes
Amanda_Marsh_0001.jpg,Howard_Smith_0002.jpg,different,No
Ana_Palacio_0005.jpg,Erika_Christensen_0002.jpg,different,Yes
Osama_bin_Laden_0002.jpg,Osama_bin_Laden_0004.jpg,similar,Yes
Joe_Nichols_0003.jpg,Joe_Nichols_0004.jpg,similar,Yes
Bing_Crosby_0001.jpg,Leonid_Kuchma_0005.jpg,different,Yes
Dennis_Kozlowski_0002.jpg,Wendy_Selig_0001.jpg,different,Yes
Paris_Hilton_0001.jpg,Paris_Hilton_0002.jpg,similar,Yes
Georgi_Parvanov_0001.jpg,Georgi_Parvanov_0002.jpg,similar,Yes
Alicia_Keys_0001.jpg,Giannina_Facio_0001.jpg,different,Yes
Nastassia_Kinski_0001.jpg,Nastassia_Kinski_0002.jpg,similar,Yes
Daniel_Montgomery_0001.jpg,Hassan_Wirajuda_0001.jpg,different,Yes
Priscilla_Presley_0001.jpg,Victoria_Beckham_0003.jpg,different,Yes
Felipe_Perez_Roque_0002.jpg,Lloyd_Ward_0002.jpg,different,Yes
Ana_Palacio_0001.jpg,Ana_Palacio_0006.jpg,similar,Yes
Lee_Baca_0001.jpg,Pat_Summerall_0001.jpg,different,Yes
Claire_Leger_0002.jpg,Elin_Nordegren_0002.jpg,different,Yes
Mike_Slive_0001.jpg,Paul_Sarbanes_0003.jpg,different,Yes
Albert_Costa_0002.jpg,Albert_Costa_0006.jpg,similar,Yes
Tim_Allen_0002.jpg,Tim_Allen_0004.jpg,similar,Yes
Gary_Winnick_0001.jpg,Gary_Winnick_0002.jpg,similar,Yes
Greg_Gilbert_0001.jpg,Greg_Gilbert_0002.jpg,similar,Yes
Adriana_Lima_0001.jpg,Terrence_Trammell_0001.jpg,different,Yes
Allison_Searing_0001.jpg,Warren_Beatty_0001.jpg,different,No
Jerry_Jones_0001.jpg,Robert_Woody_Johnson_0001.jpg,different,Yes
Matt_Doherty_0001.jpg,Matt_Doherty_0002.jpg,similar,No
Jan_Ullrich_0002.jpg,Jan_Ullrich_0003.jpg,similar,Yes
Kim_Yong-il_0001.jpg,Kim_Yong-il_0002.jpg,similar,Yes
Angelo_Reyes_0002.jpg,Angelo_Reyes_0003.jpg,similar,Yes
Iban_Mayo_0002.jpg,Yves_Brodeur_0001.jpg,different,No
Johnny_Depp_0002.jpg,Scott_Dickson_0001.jpg,different,No
Mikhail_Youzhny_0002.jpg,Mikhail_Youzhny_0003.jpg,similar,Yes
Gary_Sayler_0001.jpg,Nila_Ferran_0001.jpg,different,Yes
Annette_Lu_0001.jpg,Scott_Fawell_0001.jpg,different,Yes
Carlos_Iturgaitz_0001.jpg,Francisco_Maturana_0001.jpg,different,No
Dave_Johnson_0001.jpg,Hank_Aaron_0001.jpg,different,No
Ozzy_Osbourne_0001.jpg,Ozzy_Osbourne_0002.jpg,similar,Yes
Denzel_Washington_0002.jpg,Denzel_Washington_0004.jpg,similar,Yes
Masum_Turker_0001.jpg,Norman_Mineta_0001.jpg,different,Yes
Ann_Godbehere_0001.jpg,Tatiana_Kennedy_Schlossberg_0001.jpg,different,Yes
Karen_Allen_0001.jpg,Rick_Bragg_0001.jpg,different,Yes
Gilberto_Rodriguez_Orejuela_0002.jpg,Gilberto_Rodriguez_Orejuela_0004.jpg,similar,Yes
Edward_Egan_0001.jpg,Jim_Abbott_0001.jpg,different,No
Wesley_Clark_0001.jpg,Wesley_Clark_0002.jpg,similar,Yes
Eric_Dubin_0001.jpg,Yang_Pao-yu_0001.jpg,different,Yes
James_Franco_0002.jpg,Lokendra_Bahadur_Chand_0001.jpg,different,Yes
Mahmoud_Abbas_0019.jpg,Mahmoud_Abbas_0026.jpg,similar,Yes
Jefferson_Perez_0001.jpg,Jefferson_Perez_0002.jpg,similar,Yes
Martin_Cauchon_0001.jpg,Martin_Cauchon_0002.jpg,similar,Yes
Kevin_Gil_0001.jpg,Mary_Bono_0001.jpg,different,Yes
Makhdoom_Amin_Fahim_0001.jpg,Tang_Jiaxuan_0005.jpg,different,Yes
Joe_Mantello_0001.jpg,Joe_Mantello_0002.jpg,similar,Yes
Betsy_Coffin_0001.jpg,Gerard_Tronche_0001.jpg,different,No
Donald_Rumsfeld_0041.jpg,Donald_Rumsfeld_0048.jpg,similar,No
Jack_Welch_0001.jpg,William_Umbach_0001.jpg,different,Yes
Eric_Lindros_0001.jpg,Sterling_Hitchcock_0001.jpg,different,Yes
Cecilia_Cheung_0001.jpg,Simon_Chalk_0001.jpg,different,Yes
Brandon_Webb_0001.jpg,Teddy_Kollek_0001.jpg,different,No
Matthias_Sammer_0001.jpg,Robbie_Naish_0001.jpg,different,Yes
George_Karl_0001.jpg,George_Karl_0002.jpg,similar,Yes
Julio_Cesar_Chavez_0001.jpg,Marc_Racicot_0001.jpg,different,Yes
Dean_Sheremet_0001.jpg,Marc_Racicot_0001.jpg,different,Yes
Darvis_Patton_0001.jpg,Gordon_Lightfoot_0001.jpg,different,No
Tom_Coverdale_0001.jpg,Tom_Coverdale_0002.jpg,similar,Yes
Denise_Johnson_0001.jpg,Denise_Johnson_0002.jpg,similar,Yes
Jimmy_Carter_0004.jpg,Jimmy_Carter_0008.jpg,similar,Yes
Roy_Moore_0002.jpg,Roy_Moore_0003.jpg,similar,Yes
Gwyneth_Paltrow_0005.jpg,Mike_Richter_0001.jpg,different,Yes
Al_Pacino_0001.jpg,Al_Pacino_0002.jpg,similar,Yes
Lawrence_Roberts_0001.jpg,Malik_Mahmud_0001.jpg,different,Yes
Jennifer_Connelly_0003.jpg,Jennifer_Connelly_0004.jpg,similar,Yes
Pierre_Boulanger_0001.jpg,Pierre_Boulanger_0002.jpg,similar,Yes
Russell_Coutts_0001.jpg,Russell_Coutts_0002.jpg,similar,Yes
Marcelo_Rios_0001.jpg,Marcelo_Rios_0004.jpg,similar,Yes
Greg_Ostertag_0001.jpg,Greg_Ostertag_0002.jpg,similar,Yes
John_Franco_0001.jpg,Teri_Files_0001.jpg,different,No
Jennifer_Capriati_0024.jpg,Jennifer_Capriati_0029.jpg,similar,Yes
Chea_Sophara_0001.jpg,Muhammad_Ali_0006.jpg,different,Yes
Robert_Flodquist_0001.jpg,Winona_Ryder_0011.jpg,different,Yes
George_Foreman_0001.jpg,George_Lucas_0001.jpg,different,Yes
Marieta_Chrousala_0001.jpg,Marieta_Chrousala_0002.jpg,similar,Yes
Carlos_Manuel_Pruneda_0001.jpg,Carlos_Manuel_Pruneda_0002.jpg,similar,Yes
Justin_Leonard_0001.jpg,Justin_Leonard_0003.jpg,similar,Yes
King_Abdullah_II_0001.jpg,King_Abdullah_II_0003.jpg,similar,Yes
Robert_Redford_0002.jpg,Robert_Redford_0003.jpg,similar,Yes
Chris_Byrd_0001.jpg,Chris_Byrd_0002.jpg,similar,Yes
Bill_Sizemore_0001.jpg,Bill_Sizemore_0002.jpg,similar,Yes
Claire_De_Gryse_0001.jpg,Soenarno_0001.jpg,different,Yes
Paul_Hogan_0001.jpg,William_Martin_0001.jpg,different,Yes
Festus_Mogae_0001.jpg,Neil_Moritz_0001.jpg,different,Yes
Koichi_Tanaka_0001.jpg,Sterling_Hitchcock_0001.jpg,different,Yes
Joseph_Deiss_0001.jpg,Joseph_Deiss_0002.jpg,similar,Yes
Todd_Haynes_0001.jpg,Todd_Haynes_0003.jpg,similar,Yes
